{"chunk_definitions":[{"chunk_id":"csetup_chunk","chunk_label":"setup","document_id":"911DE2D2","expansion_state":0,"options":{"engine":"r","include":false,"label":"setup"},"row":20,"row_count":1,"visible":true},{"chunk_id":"cb1g6m4n64qxe","chunk_label":"unnamed-chunk-1","document_id":"911DE2D2","expansion_state":0,"options":{"engine":"r","label":"unnamed-chunk-1"},"row":43,"row_count":1,"visible":true},{"chunk_id":"chl3272mvnwjy","chunk_label":"unnamed-chunk-2","document_id":"911DE2D2","expansion_state":0,"options":{},"row":94,"row_count":1,"visible":true},{"chunk_id":"c29fp4ss8524a","chunk_label":"unnamed-chunk-3","document_id":"911DE2D2","expansion_state":0,"options":{},"row":145,"row_count":1,"visible":true},{"chunk_id":"cs2gbicmqwhga","chunk_label":"unnamed-chunk-4","document_id":"911DE2D2","expansion_state":0,"options":{},"row":211,"row_count":1,"visible":true},{"chunk_id":"cpirf47cwa1te","chunk_label":"unnamed-chunk-5","document_id":"911DE2D2","expansion_state":0,"options":{},"row":354,"row_count":1,"visible":true},{"chunk_id":"cdppefsscun59","chunk_label":"unnamed-chunk-6","document_id":"911DE2D2","expansion_state":0,"options":{},"row":370,"row_count":1,"visible":true},{"chunk_id":"c31ix7051w76c","chunk_label":"unnamed-chunk-7","document_id":"911DE2D2","expansion_state":0,"options":{},"row":387,"row_count":1,"visible":true},{"chunk_id":"cedrjg2lsrju3","chunk_label":"unnamed-chunk-8","document_id":"911DE2D2","expansion_state":0,"options":{},"row":408,"row_count":1,"visible":true},{"chunk_id":"cilic53suzwsa","chunk_label":"unnamed-chunk-9","document_id":"911DE2D2","expansion_state":0,"options":{},"row":560,"row_count":1,"visible":true},{"chunk_id":"c0j8lnwm2bn66","chunk_label":"unnamed-chunk-10","document_id":"911DE2D2","expansion_state":0,"options":{},"row":579,"row_count":1,"visible":true},{"chunk_id":"c5f1p2g99bhpx","chunk_label":"unnamed-chunk-11","document_id":"911DE2D2","expansion_state":0,"options":{},"row":600,"row_count":1,"visible":true},{"chunk_id":"c1eavvnkfjeq1","chunk_label":"unnamed-chunk-12","document_id":"911DE2D2","expansion_state":0,"options":{},"row":617,"row_count":1,"visible":true},{"chunk_id":"crtnnuyj9epmt","chunk_label":"unnamed-chunk-13","document_id":"911DE2D2","expansion_state":0,"options":{},"row":637,"row_count":1,"visible":true},{"chunk_id":"cdj0h8z9418sh","chunk_label":"unnamed-chunk-14","document_id":"911DE2D2","expansion_state":0,"options":{},"row":729,"row_count":1,"visible":true}],"chunk_rendered_width":700,"default_chunk_options":{"echo":true,"error":false},"doc_write_time":1572150387,"working_dir":null}