ExtractionDate ,ExpiryDate,StockPrice,Strike,Quantity,Underlying,Position,Type,OptionPrice
24-Nov-17,19-Jan-18,1156.16,240,472,AMZN,Long,Call,867.3
24-Nov-17,19-Jan-18,1156.16,250,999,AMZN,Long,Call,879.4
24-Nov-17,19-Jan-18,1156.16,260,2733,AMZN,Long,Call,843.85
24-Nov-17,19-Jan-18,1156.16,265,334,AMZN,Long,Call,872.25
24-Nov-17,19-Jan-18,1156.16,270,173,AMZN,Long,Call,837.5
24-Nov-17,19-Jan-18,1156.16,280,135,AMZN,Long,Call,848.85
24-Nov-17,19-Jan-18,1156.16,290,138,AMZN,Long,Call,831.4
24-Nov-17,19-Jan-18,1156.16,300,156,AMZN,Long,Call,835.55
24-Nov-17,19-Jan-18,1156.16,310,91,AMZN,Long,Call,827.8
24-Nov-17,19-Jan-18,1156.16,320,403,AMZN,Long,Call,813.35
24-Nov-17,19-Jan-18,1156.16,330,70,AMZN,Long,Call,818.98
24-Nov-17,19-Jan-18,1156.16,340,305,AMZN,Long,Call,809.03
24-Nov-17,19-Jan-18,1156.16,350,147,AMZN,Long,Call,787.68
24-Nov-17,19-Jan-18,1156.16,360,341,AMZN,Long,Call,765.25
24-Nov-17,19-Jan-18,1156.16,370,565,AMZN,Long,Call,767.6
24-Nov-17,19-Jan-18,1156.16,380,203,AMZN,Long,Call,756.1
24-Nov-17,19-Jan-18,1156.16,390,206,AMZN,Long,Call,735.35
24-Nov-17,19-Jan-18,1156.16,400,429,AMZN,Long,Call,756.8
24-Nov-17,19-Jan-18,1156.16,410,69,AMZN,Long,Call,720.55
24-Nov-17,19-Jan-18,1156.16,420,58,AMZN,Long,Call,715.4
24-Nov-17,19-Jan-18,1156.16,430,149,AMZN,Long,Call,708.14
24-Nov-17,19-Jan-18,1156.16,440,298,AMZN,Long,Call,696.48
24-Nov-17,19-Jan-18,1156.16,450,1678,AMZN,Long,Call,678.58
24-Nov-17,19-Jan-18,1156.16,460,891,AMZN,Long,Call,668.2
24-Nov-17,19-Jan-18,1156.16,470,212,AMZN,Long,Call,667.55
24-Nov-17,19-Jan-18,1156.16,480,200,AMZN,Long,Call,638.91
24-Nov-17,19-Jan-18,1156.16,490,258,AMZN,Long,Call,630.45
24-Nov-17,19-Jan-18,1156.16,500,530,AMZN,Long,Call,650
24-Nov-17,19-Jan-18,1156.16,510,514,AMZN,Long,Call,619
24-Nov-17,19-Jan-18,1156.16,520,470,AMZN,Long,Call,609.05
24-Nov-17,19-Jan-18,1156.16,530,130,AMZN,Long,Call,448.4
24-Nov-17,19-Jan-18,1156.16,540,581,AMZN,Long,Call,564.75
24-Nov-17,19-Jan-18,1156.16,550,671,AMZN,Long,Call,574.25
24-Nov-17,19-Jan-18,1156.16,560,118,AMZN,Long,Call,579.8
24-Nov-17,19-Jan-18,1156.16,570,221,AMZN,Long,Call,569.9
24-Nov-17,19-Jan-18,1156.16,580,154,AMZN,Long,Call,578.65
24-Nov-17,19-Jan-18,1156.16,590,229,AMZN,Long,Call,539.77
24-Nov-17,19-Jan-18,1156.16,600,956,AMZN,Long,Call,558.45
24-Nov-17,19-Jan-18,1156.16,610,285,AMZN,Long,Call,548.1
24-Nov-17,19-Jan-18,1156.16,620,344,AMZN,Long,Call,520.16
24-Nov-17,19-Jan-18,1156.16,630,147,AMZN,Long,Call,449.22
24-Nov-17,19-Jan-18,1156.16,640,1463,AMZN,Long,Call,517.6
24-Nov-17,19-Jan-18,1156.16,650,199,AMZN,Long,Call,460.18
24-Nov-17,19-Jan-18,1156.16,660,265,AMZN,Long,Call,469.12
24-Nov-17,19-Jan-18,1156.16,670,145,AMZN,Long,Call,471.05
24-Nov-17,19-Jan-18,1156.16,680,206,AMZN,Long,Call,426.18
24-Nov-17,19-Jan-18,1156.16,690,103,AMZN,Long,Call,417.95
24-Nov-17,19-Jan-18,1156.16,700,854,AMZN,Long,Call,448.7
24-Nov-17,19-Jan-18,1156.16,710,317,AMZN,Long,Call,420.83
24-Nov-17,19-Jan-18,1156.16,720,501,AMZN,Long,Call,402.65
24-Nov-17,19-Jan-18,1156.16,730,388,AMZN,Long,Call,400
24-Nov-17,19-Jan-18,1156.16,740,263,AMZN,Long,Call,404.16
24-Nov-17,19-Jan-18,1156.16,750,636,AMZN,Long,Call,408.75
24-Nov-17,19-Jan-18,1156.16,760,580,AMZN,Long,Call,388
24-Nov-17,19-Jan-18,1156.16,770,420,AMZN,Long,Call,357.42
24-Nov-17,19-Jan-18,1156.16,780,1027,AMZN,Long,Call,381.5
24-Nov-17,19-Jan-18,1156.16,790,628,AMZN,Long,Call,350.08
24-Nov-17,19-Jan-18,1156.16,800,2046,AMZN,Long,Call,358
24-Nov-17,19-Jan-18,1156.16,810,393,AMZN,Long,Call,352.5
24-Nov-17,19-Jan-18,1156.16,820,715,AMZN,Long,Call,340.6
24-Nov-17,19-Jan-18,1156.16,830,751,AMZN,Long,Call,330.7
24-Nov-17,19-Jan-18,1156.16,840,528,AMZN,Long,Call,315.81
24-Nov-17,19-Jan-18,1156.16,850,1844,AMZN,Long,Call,311.95
24-Nov-17,19-Jan-18,1156.16,860,599,AMZN,Long,Call,293.61
24-Nov-17,19-Jan-18,1156.16,870,613,AMZN,Long,Call,275.02
24-Nov-17,19-Jan-18,1156.16,880,503,AMZN,Long,Call,260.6
24-Nov-17,19-Jan-18,1156.16,890,316,AMZN,Long,Call,269.96
24-Nov-17,19-Jan-18,1156.16,900,4748,AMZN,Long,Call,263
24-Nov-17,19-Jan-18,1156.16,910,531,AMZN,Long,Call,250.15
24-Nov-17,19-Jan-18,1156.16,920,747,AMZN,Long,Call,242.7
24-Nov-17,19-Jan-18,1156.16,930,494,AMZN,Long,Call,224.72
24-Nov-17,19-Jan-18,1156.16,940,753,AMZN,Long,Call,219.67
24-Nov-17,19-Jan-18,1156.16,950,2257,AMZN,Long,Call,212.85
24-Nov-17,19-Jan-18,1156.16,960,1650,AMZN,Long,Call,200.95
24-Nov-17,19-Jan-18,1156.16,970,731,AMZN,Long,Call,190
24-Nov-17,19-Jan-18,1156.16,980,1467,AMZN,Long,Call,180.51
24-Nov-17,19-Jan-18,1156.16,990,902,AMZN,Long,Call,174.49
24-Nov-17,19-Jan-18,1156.16,1000,4944,AMZN,Long,Call,162
24-Nov-17,19-Jan-18,1156.16,1010,853,AMZN,Long,Call,152.03
24-Nov-17,19-Jan-18,1156.16,1020,987,AMZN,Long,Call,143.61
24-Nov-17,19-Jan-18,1156.16,1030,1287,AMZN,Long,Call,127.16
24-Nov-17,19-Jan-18,1156.16,1040,805,AMZN,Long,Call,126.56
24-Nov-17,19-Jan-18,1156.16,1050,1953,AMZN,Long,Call,115
24-Nov-17,19-Jan-18,1156.16,1060,1491,AMZN,Long,Call,109.87
24-Nov-17,19-Jan-18,1156.16,1080,2099,AMZN,Long,Call,89.4
24-Nov-17,19-Jan-18,1156.16,1100,8862,AMZN,Long,Call,73.6
24-Nov-17,19-Jan-18,1156.16,1120,4161,AMZN,Long,Call,58.85
24-Nov-17,19-Jan-18,1156.16,240,3486,AMZN,Long,Put,0.01
24-Nov-17,19-Jan-18,1156.16,250,497,AMZN,Long,Put,0.02
24-Nov-17,19-Jan-18,1156.16,260,1271,AMZN,Long,Put,0.02
24-Nov-17,19-Jan-18,1156.16,265,360,AMZN,Long,Put,0.02
24-Nov-17,19-Jan-18,1156.16,270,264,AMZN,Long,Put,0.02
24-Nov-17,19-Jan-18,1156.16,280,517,AMZN,Long,Put,0.02
24-Nov-17,19-Jan-18,1156.16,290,477,AMZN,Long,Put,0.03
24-Nov-17,19-Jan-18,1156.16,300,1015,AMZN,Long,Put,0.03
24-Nov-17,19-Jan-18,1156.16,310,113,AMZN,Long,Put,0.04
24-Nov-17,19-Jan-18,1156.16,320,204,AMZN,Long,Put,0.02
24-Nov-17,19-Jan-18,1156.16,330,278,AMZN,Long,Put,0.03
24-Nov-17,19-Jan-18,1156.16,340,222,AMZN,Long,Put,0.05
24-Nov-17,19-Jan-18,1156.16,350,946,AMZN,Long,Put,0.06
24-Nov-17,19-Jan-18,1156.16,360,728,AMZN,Long,Put,0.05
24-Nov-17,19-Jan-18,1156.16,370,537,AMZN,Long,Put,0.05
24-Nov-17,19-Jan-18,1156.16,380,621,AMZN,Long,Put,0.05
24-Nov-17,19-Jan-18,1156.16,390,611,AMZN,Long,Put,0.05
24-Nov-17,19-Jan-18,1156.16,400,1972,AMZN,Long,Put,0.04
24-Nov-17,19-Jan-18,1156.16,410,820,AMZN,Long,Put,0.03
24-Nov-17,19-Jan-18,1156.16,420,754,AMZN,Long,Put,0.03
24-Nov-17,19-Jan-18,1156.16,430,470,AMZN,Long,Put,0.06
24-Nov-17,19-Jan-18,1156.16,440,1283,AMZN,Long,Put,0.03
24-Nov-17,19-Jan-18,1156.16,450,2069,AMZN,Long,Put,0.04
24-Nov-17,19-Jan-18,1156.16,460,1726,AMZN,Long,Put,0.16
24-Nov-17,19-Jan-18,1156.16,470,470,AMZN,Long,Put,0.08
24-Nov-17,19-Jan-18,1156.16,480,1202,AMZN,Long,Put,0.01
24-Nov-17,19-Jan-18,1156.16,490,620,AMZN,Long,Put,0.03
24-Nov-17,19-Jan-18,1156.16,500,3224,AMZN,Long,Put,0.04
24-Nov-17,19-Jan-18,1156.16,510,509,AMZN,Long,Put,0.08
24-Nov-17,19-Jan-18,1156.16,520,852,AMZN,Long,Put,0.08
24-Nov-17,19-Jan-18,1156.16,530,491,AMZN,Long,Put,0.1
24-Nov-17,19-Jan-18,1156.16,540,998,AMZN,Long,Put,0.09
24-Nov-17,19-Jan-18,1156.16,550,1304,AMZN,Long,Put,0.05
24-Nov-17,19-Jan-18,1156.16,560,575,AMZN,Long,Put,0.09
24-Nov-17,19-Jan-18,1156.16,570,691,AMZN,Long,Put,0.09
24-Nov-17,19-Jan-18,1156.16,580,666,AMZN,Long,Put,0.16
24-Nov-17,19-Jan-18,1156.16,590,911,AMZN,Long,Put,0.1
24-Nov-17,19-Jan-18,1156.16,600,3506,AMZN,Long,Put,0.12
24-Nov-17,19-Jan-18,1156.16,610,1180,AMZN,Long,Put,0.12
24-Nov-17,19-Jan-18,1156.16,620,1716,AMZN,Long,Put,0.36
24-Nov-17,19-Jan-18,1156.16,630,964,AMZN,Long,Put,0.18
24-Nov-17,19-Jan-18,1156.16,640,1025,AMZN,Long,Put,0.17
24-Nov-17,19-Jan-18,1156.16,650,2450,AMZN,Long,Put,0.25
24-Nov-17,19-Jan-18,1156.16,660,1495,AMZN,Long,Put,0.19
24-Nov-17,19-Jan-18,1156.16,670,949,AMZN,Long,Put,0.2
24-Nov-17,19-Jan-18,1156.16,680,1816,AMZN,Long,Put,0.23
24-Nov-17,19-Jan-18,1156.16,690,1103,AMZN,Long,Put,0.45
24-Nov-17,19-Jan-18,1156.16,700,3299,AMZN,Long,Put,0.21
24-Nov-17,19-Jan-18,1156.16,710,1416,AMZN,Long,Put,0.17
24-Nov-17,19-Jan-18,1156.16,720,1190,AMZN,Long,Put,0.43
24-Nov-17,19-Jan-18,1156.16,730,1170,AMZN,Long,Put,0.36
24-Nov-17,19-Jan-18,1156.16,740,1539,AMZN,Long,Put,0.29
24-Nov-17,19-Jan-18,1156.16,750,3270,AMZN,Long,Put,0.3
24-Nov-17,19-Jan-18,1156.16,760,1284,AMZN,Long,Put,0.42
24-Nov-17,19-Jan-18,1156.16,770,1593,AMZN,Long,Put,0.37
24-Nov-17,19-Jan-18,1156.16,780,1751,AMZN,Long,Put,0.35
24-Nov-17,19-Jan-18,1156.16,790,1664,AMZN,Long,Put,0.64
24-Nov-17,19-Jan-18,1156.16,800,3397,AMZN,Long,Put,0.44
24-Nov-17,19-Jan-18,1156.16,810,844,AMZN,Long,Put,0.57
24-Nov-17,19-Jan-18,1156.16,820,3620,AMZN,Long,Put,0.42
24-Nov-17,19-Jan-18,1156.16,830,1121,AMZN,Long,Put,0.68
24-Nov-17,19-Jan-18,1156.16,840,1311,AMZN,Long,Put,0.6
24-Nov-17,19-Jan-18,1156.16,850,4593,AMZN,Long,Put,0.65
24-Nov-17,19-Jan-18,1156.16,860,1431,AMZN,Long,Put,0.66
24-Nov-17,19-Jan-18,1156.16,870,773,AMZN,Long,Put,1.42
24-Nov-17,19-Jan-18,1156.16,880,1368,AMZN,Long,Put,0.83
24-Nov-17,19-Jan-18,1156.16,890,492,AMZN,Long,Put,1.15
24-Nov-17,19-Jan-18,1156.16,900,4850,AMZN,Long,Put,0.91
24-Nov-17,19-Jan-18,1156.16,910,799,AMZN,Long,Put,1
24-Nov-17,19-Jan-18,1156.16,920,672,AMZN,Long,Put,1
24-Nov-17,19-Jan-18,1156.16,930,1133,AMZN,Long,Put,1.15
24-Nov-17,19-Jan-18,1156.16,940,820,AMZN,Long,Put,1.28
24-Nov-17,19-Jan-18,1156.16,950,1770,AMZN,Long,Put,1.5
24-Nov-17,19-Jan-18,1156.16,960,1640,AMZN,Long,Put,1.53
24-Nov-17,19-Jan-18,1156.16,970,816,AMZN,Long,Put,1.87
24-Nov-17,19-Jan-18,1156.16,980,952,AMZN,Long,Put,1.95
24-Nov-17,19-Jan-18,1156.16,990,561,AMZN,Long,Put,2.28
24-Nov-17,19-Jan-18,1156.16,1000,3218,AMZN,Long,Put,2.7
24-Nov-17,19-Jan-18,1156.16,1010,620,AMZN,Long,Put,3.18
24-Nov-17,19-Jan-18,1156.16,1020,1017,AMZN,Long,Put,3.68
24-Nov-17,19-Jan-18,1156.16,1030,947,AMZN,Long,Put,4.22
24-Nov-17,19-Jan-18,1156.16,1040,651,AMZN,Long,Put,5.09
24-Nov-17,19-Jan-18,1156.16,1050,2011,AMZN,Long,Put,5.95
24-Nov-17,19-Jan-18,1156.16,1060,841,AMZN,Long,Put,7.4
24-Nov-17,19-Jan-18,1156.16,1080,1569,AMZN,Long,Put,10.18
24-Nov-17,19-Jan-18,1156.16,1100,3553,AMZN,Long,Put,14.25
24-Nov-17,19-Jan-18,1156.16,1120,3260,AMZN,Long,Put,19.6
