"0","# Track PnL against time to maturity."
"0","df_filtered <- df_pnl %>% select(date,Option_DoD_PnL, Hedging_DoD_Pnl)"
"0","colnames(df_filtered)[colnames(df_filtered)==""Option_DoD_PnL""] <- ""Option PnL"" "
"0","colnames(df_filtered)[colnames(df_filtered)==""Hedging_DoD_Pnl""] <- ""Stock PnL"" "
"0","df_melt <- reshape2::melt(df_filtered, id.var='date')"
"0","colnames(df_melt)[colnames(df_melt)==""variable""] <- ""Daily PnL Types"" "
"0","ggplot(df_melt, aes(x=date, y=value, col=`Daily PnL Types`)) + "
"0","  geom_line() + xlab(""Date"") + ylab(""PnL"") + ggtitle(""Daily PnL against Time to Expiratory (Overall)"")+ theme(plot.title = element_text(hjust = 0.5)) +"
"0","   theme(panel.grid.major = element_blank(), panel.grid.minor = element_blank(), panel.background = element_blank(), axis.line = element_line(colour = ""black""))"
